                  epoch,         train/box_loss,         train/cls_loss,         train/dfl_loss,   metrics/precision(B),      metrics/recall(B),       metrics/mAP50(B),    metrics/mAP50-95(B),           val/box_loss,           val/cls_loss,           val/dfl_loss,                 lr/pg0,                 lr/pg1,                 lr/pg2
                      1,                0.93156,                 1.7536,                 1.8019,                0.96908,                      1,                0.99415,                0.83706,                0.54527,                0.90102,                 1.5684,             0.00054332,             0.00054332,             0.00054332
                      2,                0.67035,                0.59721,                 1.5957,                0.90696,                 0.9875,                0.96788,                 0.7806,                0.54685,                0.48046,                 1.7414,              0.0010718,              0.0010718,              0.0010718
                      3,                0.68248,                0.53103,                 1.5636,                0.91025,                0.96875,                0.96656,                0.80838,                0.58646,                0.55774,                 1.7035,              0.0015727,              0.0015727,              0.0015727
                      4,                0.69108,                0.51937,                 1.5885,                0.80912,                 0.9875,                0.95573,                0.81563,                0.59321,                0.59891,                 1.5011,              0.0015432,              0.0015432,              0.0015432
                      5,                0.67808,                0.48235,                 1.6093,                0.94901,                      1,                0.96945,                0.85548,                0.49183,                0.40185,                 1.5465,               0.001502,               0.001502,               0.001502
                      6,                0.67535,                0.46757,                 1.5614,                0.92736,                      1,                 0.9843,                0.87657,                0.49487,                0.42736,                  1.744,              0.0014607,              0.0014607,              0.0014607
                      7,                0.63639,                0.45084,                 1.5033,                 0.9532,                 0.9875,                0.98583,                0.83184,                 0.4876,                  0.414,                 1.4061,              0.0014195,              0.0014195,              0.0014195
                      8,                0.63669,                0.44188,                 1.4931,                0.93286,                0.95625,                0.98627,                0.87612,                0.45018,                0.39764,                 1.3489,              0.0013782,              0.0013782,              0.0013782
                      9,                0.61123,                0.42497,                 1.4961,                0.95219,                0.99839,                 0.9727,                0.88532,                0.43231,                0.36025,                 1.4678,              0.0013369,              0.0013369,              0.0013369
                     10,                0.60873,                0.41667,                 1.4832,                0.95632,                      1,                0.99415,                0.91662,                0.43103,                 0.3165,                 1.5529,              0.0012957,              0.0012957,              0.0012957
                     11,                0.57792,                 0.4073,                 1.4593,                0.98765,                      1,                  0.995,                0.91277,                0.41623,                0.30062,                 1.4261,              0.0012544,              0.0012544,              0.0012544
                     12,                0.57242,                 0.3966,                 1.4197,                0.96771,                 0.9887,                0.98765,                0.90917,                 0.4257,                0.32374,                 1.5407,              0.0012132,              0.0012132,              0.0012132
                     13,                0.55296,                0.38842,                 1.4201,                0.99626,                      1,                  0.995,                0.92051,                0.37699,                0.25807,                 1.5873,              0.0011719,              0.0011719,              0.0011719
                     14,                0.54521,                0.38295,                  1.413,                0.99815,                0.98887,                  0.995,                0.93806,                0.34146,                0.24287,                 1.8088,              0.0011306,              0.0011306,              0.0011306
                     15,                0.55391,                0.38044,                 1.4285,                0.97041,                0.99386,                  0.995,                0.93301,                0.40984,                0.27617,                 1.3905,              0.0010894,              0.0010894,              0.0010894
                     16,                0.54833,                0.38174,                 1.4239,                0.98219,                      1,                0.99354,                 0.9232,                0.41555,                0.28693,                 1.3582,              0.0010481,              0.0010481,              0.0010481
                     17,                 0.5263,                0.36536,                  1.419,                0.99809,                0.98938,                  0.995,                0.91932,                0.38221,                0.27445,                 1.3639,              0.0010069,              0.0010069,              0.0010069
                     18,                0.52768,                0.36428,                 1.4011,                0.97686,                0.99833,                0.99317,                0.93934,                  0.353,                 0.2681,                 1.4742,             0.00096561,             0.00096561,             0.00096561
                     19,                0.52253,                0.36968,                 1.3932,                0.99566,                0.99936,                  0.995,                0.92984,                 0.3521,                 0.2425,                 1.4202,             0.00092435,             0.00092435,             0.00092435
                     20,                0.51074,                 0.3594,                 1.3868,                0.99455,                      1,                  0.995,                0.91076,                0.37804,                0.24309,                 1.5694,             0.00088309,             0.00088309,             0.00088309
                     21,                0.50612,                0.35356,                 1.3861,                0.99248,                      1,                  0.995,                0.93354,                0.35732,                0.25232,                 1.3719,             0.00084184,             0.00084184,             0.00084184
                     22,                0.49903,                0.34883,                 1.3815,                0.99267,                      1,                  0.995,                 0.9364,                0.35261,                0.25209,                 1.3736,             0.00080058,             0.00080058,             0.00080058
                     23,                0.48247,                0.33993,                 1.3542,                0.95595,                      1,                0.99263,                0.94068,                0.34948,                0.26915,                 1.2794,             0.00075932,             0.00075932,             0.00075932
                     24,                0.49805,                0.34763,                  1.378,                 0.9837,                0.99789,                  0.995,                0.93412,                0.33977,                0.25177,                 1.3528,             0.00071806,             0.00071806,             0.00071806
                     25,                0.48853,                0.34206,                 1.3676,                0.95601,                      1,                0.96788,                0.90148,                0.35422,                0.29337,                 1.2544,              0.0006768,              0.0006768,              0.0006768
                     26,                0.48158,                0.33375,                 1.3598,                0.99579,                      1,                  0.995,                0.93418,                0.35024,                0.24877,                 1.2665,             0.00063554,             0.00063554,             0.00063554
                     27,                0.46745,                0.32429,                  1.352,                0.96823,                      1,                0.99147,                0.95243,                0.31435,                0.24351,                 1.3927,             0.00059429,             0.00059429,             0.00059429
                     28,                0.47212,                0.32468,                 1.3499,                0.99519,                      1,                  0.995,                0.94633,                0.34064,                0.22874,                 1.3034,             0.00055303,             0.00055303,             0.00055303
                     29,                0.45436,                0.31559,                  1.326,                0.99586,                      1,                  0.995,                0.94471,                 0.3255,                 0.2471,                 1.2246,             0.00051177,             0.00051177,             0.00051177
                     30,                0.46894,                0.31724,                 1.3265,                0.99617,                      1,                  0.995,                0.93338,                0.34996,                0.23969,                 1.2641,             0.00047051,             0.00047051,             0.00047051
                     31,                0.33437,                0.23854,                 1.1621,                0.99585,                      1,                  0.995,                0.94284,                0.31709,                0.24055,                 1.2547,             0.00042925,             0.00042925,             0.00042925
                     32,                0.33244,                0.23528,                 1.1305,                0.99256,                      1,                  0.995,                0.94206,                0.31259,                0.22113,                  1.334,             0.00038799,             0.00038799,             0.00038799
                     33,                0.31177,                0.22402,                 1.1501,                0.99614,                      1,                  0.995,                0.95143,                0.31738,                0.22179,                 1.2631,             0.00034674,             0.00034674,             0.00034674
                     34,                0.32201,                0.22913,                 1.1259,                0.99419,                      1,                  0.995,                0.94466,                0.31316,                0.22173,                 1.3226,             0.00030548,             0.00030548,             0.00030548
                     35,                0.31218,                0.22134,                 1.1412,                0.97844,                0.99938,                  0.995,                0.94664,                0.30574,                 0.2321,                 1.3443,             0.00026422,             0.00026422,             0.00026422
                     36,                0.29445,                0.21607,                 1.1137,                0.99875,                      1,                  0.995,                0.96202,                0.29745,                0.22108,                 1.2695,             0.00022296,             0.00022296,             0.00022296
                     37,                0.29249,                 0.2151,                 1.1067,                 0.9977,                      1,                  0.995,                0.95417,                0.28815,                0.21738,                  1.219,              0.0001817,              0.0001817,              0.0001817
                     38,                0.28829,                0.20851,                 1.1011,                0.99837,                      1,                  0.995,                 0.9512,                0.29749,                0.20447,                 1.2361,             0.00014044,             0.00014044,             0.00014044
                     39,                0.28131,                0.20939,                 1.0915,                0.99674,                      1,                  0.995,                0.95403,                0.28403,                0.20581,                 1.2286,             9.9187e-05,             9.9187e-05,             9.9187e-05
                     40,                0.27421,                0.20218,                 1.0769,                0.99703,                      1,                  0.995,                0.96235,                0.27453,                0.19295,                 1.3443,             5.7928e-05,             5.7928e-05,             5.7928e-05
