epoch,time,train/box_loss,train/cls_loss,train/dfl_loss,train/angle_loss,metrics/precision(B),metrics/recall(B),metrics/mAP50(B),metrics/mAP50-95(B),val/box_loss,val/cls_loss,val/dfl_loss,val/angle_loss,lr/pg0,lr/pg1,lr/pg2
1,519.493,0.91861,1.44658,2.1904,0.03525,0.98732,0.95625,0.98167,0.85804,0.48881,0.6683,1.37403,0.02101,0.000549423,0.000549423,0.000549423
2,1062.6,0.70261,0.55892,1.38685,0.02833,0.96835,1,0.99415,0.90382,0.43068,0.39034,1.16436,0.01213,0.00106862,0.00106862,0.00106862
3,1625.39,0.6581,0.4777,1.27713,0.03137,0.98776,0.99564,0.99195,0.87766,0.44496,0.35998,1.1793,0.02658,0.00155115,0.00155115,0.00155115
4,2139.53,0.62384,0.45097,1.20956,0.02555,0.99406,1,0.995,0.88678,0.43628,0.29782,1.15109,0.00807,0.00150197,0.00150197,0.00150197
5,2641.83,0.59751,0.4155,1.18532,0.02419,0.9776,0.98556,0.99309,0.89055,0.39622,0.32161,1.07611,0.0084,0.00144696,0.00144696,0.00144696
6,3158.73,0.56733,0.39918,1.15489,0.02152,0.9849,0.98929,0.99476,0.90982,0.40046,0.27992,1.08808,0.01718,0.00139195,0.00139195,0.00139195
7,3664.53,0.56947,0.39171,1.15211,0.02365,0.99556,1,0.995,0.89969,0.39284,0.26349,1.01288,0.01101,0.00133693,0.00133693,0.00133693
8,4168.21,0.53993,0.37009,1.12953,0.02008,0.97137,1,0.99317,0.92241,0.36864,0.28992,1.03466,0.00566,0.00128192,0.00128192,0.00128192
9,4673.34,0.52735,0.35543,1.10007,0.02133,0.98622,1,0.995,0.936,0.34198,0.24059,0.99339,0.00822,0.00122691,0.00122691,0.00122691
10,5198,0.51095,0.34985,1.09455,0.01864,0.98288,0.99911,0.99354,0.91129,0.36168,0.2544,1.00703,0.00803,0.0011719,0.0011719,0.0011719
11,5701.29,0.50628,0.34173,1.0867,0.01841,0.99641,0.9875,0.99476,0.93183,0.34371,0.23821,1.00339,0.00693,0.00111689,0.00111689,0.00111689
12,6199.44,0.49268,0.32786,1.05998,0.01597,0.97161,1,0.98804,0.92121,0.3413,0.2604,1.00484,0.00569,0.00106188,0.00106188,0.00106188
13,6719.19,0.47357,0.3255,1.04717,0.01462,0.96568,1,0.99324,0.93302,0.33751,0.23992,0.97223,0.00441,0.00100687,0.00100687,0.00100687
14,7219.97,0.47407,0.32042,1.05528,0.01401,0.99808,0.9889,0.995,0.92628,0.32053,0.20921,0.96472,0.00375,0.000951857,0.000951857,0.000951857
